,City,Lat,Lng,Max Temp,Humidity,Cloudiness,Wind Speed (mph),Country
0,Albany,42.6,-73.97,37.99,75,100,7.38,US
1,Khatanga,71.97,102.5,14.18,96,100,20.54,RU
2,Port Elizabeth,-33.92,25.57,60.8,100,100,4.7,ZA
3,Carnarvon,-24.87,113.63,71.6,83,0,11.41,AU
4,Busselton,-33.65,115.33,64.0,67,0,7.81,AU
5,Saskylakh,71.92,114.08,6.91,92,47,14.41,RU
6,Arraial do Cabo,-22.97,-42.03,75.2,73,75,13.87,BR
7,Bengkulu,-3.8,102.27,74.34,95,100,3.33,ID
8,Ponta do Sol,32.67,-17.1,66.2,77,20,9.17,PT
9,Punta Arenas,-53.15,-70.92,53.6,54,75,19.46,CL
10,Vaini,-21.2,-175.2,78.8,74,75,6.93,TO
11,Lebu,-37.62,-73.65,59.52,76,4,8.41,CL
12,Rikitea,-23.12,-134.97,74.79,74,2,10.36,PF
13,Vidim,56.41,103.11,20.17,97,100,6.33,RU
14,Ilihan,13.63,121.08,75.99,91,59,5.01,PH
15,Mar del Plata,-38.0,-57.56,84.2,35,0,11.41,AR
16,Katherine,-14.47,132.27,77.0,88,75,4.7,AU
17,Atuona,-9.8,-139.03,78.13,69,21,13.09,PF
18,Ushuaia,-54.8,-68.3,55.4,47,40,16.11,AR
19,Saint-Pierre,-21.34,55.48,73.4,73,18,13.87,RE
20,Quelimane,-17.88,36.89,78.01,94,0,6.93,MZ
21,Hobart,-42.88,147.33,59.0,82,90,5.82,AU
22,Oussouye,12.48,-16.55,82.4,83,0,2.24,SN
23,Barrow,71.29,-156.79,14.0,85,90,11.41,US
24,Vanimo,-2.67,141.3,80.1,80,76,1.01,PG
25,Karpathos,35.51,27.21,62.6,67,16,18.34,GR
26,Dombarovskiy,50.76,59.54,16.56,86,98,3.44,RU
27,Mataura,-46.19,168.86,55.4,51,30,0.43,NZ
28,Mehamn,71.04,27.85,30.2,86,40,6.93,NO
29,Vila Franca do Campo,37.72,-25.43,62.6,82,40,9.17,PT
30,Pevek,69.7,170.31,14.9,94,91,0.72,RU
31,Pauini,-7.71,-66.98,91.49,52,86,2.68,BR
32,Didi Lilo,41.74,44.96,41.0,86,0,2.24,GE
33,Beloha,-25.17,45.05,70.79,86,84,10.11,MG
34,Walvis Bay,-22.96,14.51,60.01,82,0,3.36,NA
35,Kavaratti,10.57,72.64,80.87,72,0,12.1,IN
36,Kargasok,59.06,80.86,20.23,97,99,6.17,RU
37,Esperance,-33.87,121.9,50.0,93,75,9.17,AU
38,Tazovsky,67.47,78.7,8.51,95,12,8.99,RU
39,Tasiilaq,65.61,-37.64,23.0,79,36,4.72,GL
40,Tegul'det,57.31,88.17,17.33,97,98,5.12,RU
41,Butaritari,3.07,172.79,80.73,76,100,14.0,KI
42,San Juan,-31.54,-68.54,92.05,23,0,20.15,AR
43,Nanortalik,60.14,-45.24,31.86,98,100,7.78,GL
44,Ilulissat,69.22,-51.1,15.8,47,100,11.41,GL
45,Port Pirie,-33.18,138.02,62.6,88,90,13.87,AU
46,Port Hardy,50.7,-127.42,44.6,87,75,13.87,CA
47,Hays,30.05,-98.03,79.0,48,78,1.99,US
48,Jamestown,42.1,-79.24,46.0,87,90,10.29,US
49,Moose Factory,51.26,-80.61,33.8,74,90,14.99,CA
50,Kavieng,-2.57,150.8,82.51,70,66,9.78,PG
51,Nikolskoye,59.7,30.79,39.2,86,75,6.71,RU
52,Whitehorse,60.72,-135.05,14.0,92,75,21.92,CA
53,Saint George,37.1,-113.58,66.0,24,1,3.2,US
54,Charlestown,-32.95,151.67,75.99,81,89,10.76,AU
55,Cherskiy,68.75,161.3,5.11,94,100,5.79,RU
56,Puerto Ayora,-0.74,-90.35,78.8,69,20,21.92,EC
57,Qaanaaq,77.48,-69.36,0.27,77,30,5.86,GL
58,Hasaki,35.73,140.83,51.8,87,20,2.24,JP
59,Rayong,12.83,101.43,77.0,94,20,5.82,TH
60,Teluk Nibung,3.0,99.82,75.78,90,100,8.14,ID
61,Norman Wells,65.28,-126.83,12.2,72,90,13.87,CA
62,Mount Gambier,-37.83,140.77,57.2,87,90,12.75,AU
63,Bethel,41.37,-73.41,43.0,88,90,6.93,US
64,Coyhaique,-45.58,-72.07,57.2,50,75,8.52,CL
65,Banda Aceh,5.56,95.32,78.3,72,74,5.61,ID
66,Vardø,70.37,31.11,30.2,86,75,12.75,NO
67,Oranjemund,-28.55,16.43,60.73,86,14,8.95,NA
68,Hermanus,-34.42,19.23,62.01,88,28,5.97,ZA
69,Katsuura,35.13,140.3,57.2,71,20,3.36,JP
70,Coos Bay,43.37,-124.22,53.01,81,90,11.41,US
71,Hithadhoo,-0.6,73.08,82.22,74,86,7.43,MV
72,La Ronge,55.1,-105.28,3.2,77,30,1.12,CA
73,Tuatapere,-46.13,167.68,52.83,54,94,1.66,NZ
74,Biak,-0.91,122.88,78.67,76,95,1.81,ID
75,Ambon City,-3.7,128.18,95.0,50,40,9.17,ID
76,Lere,10.39,8.57,69.93,43,41,4.09,NG
77,Bluff,-46.6,168.33,49.73,68,6,4.25,NZ
78,Port Lincoln,-34.73,135.87,59.72,77,81,14.88,AU
79,Aden,12.78,45.04,80.46,68,99,4.68,YE
80,East London,-33.02,27.91,66.18,84,100,6.53,ZA
81,Pitimbu,-7.47,-34.81,78.8,74,0,6.93,BR
82,Lukovetskiy,64.3,41.92,33.8,86,90,8.95,RU
83,Cape Town,-33.93,18.42,64.99,77,20,12.75,ZA
84,Tibiao,11.29,122.04,79.86,76,13,8.16,PH
85,Longyearbyen,78.22,15.64,17.6,85,0,2.24,SJ
86,Ribeira Grande,38.52,-28.7,62.6,77,20,8.05,PT
87,Severo-Kuril'sk,50.68,156.12,28.94,95,82,28.95,RU
88,Butembo,0.15,29.28,58.89,97,54,2.44,CD
89,Torbay,47.67,-52.73,30.99,63,75,9.17,CA
90,Isakly,54.13,51.53,21.11,92,100,10.63,RU
91,Hilo,19.73,-155.09,75.2,88,90,18.34,US
92,Hamilton,39.18,-84.53,48.2,87,90,20.8,US
93,Willmar,45.12,-95.04,39.2,69,75,17.22,US
94,Tabuk,17.42,121.44,70.34,86,16,4.65,PH
95,Sistranda,63.73,8.83,42.8,87,75,35.57,NO
96,Buarcos,40.17,-8.88,53.6,93,0,3.36,PT
97,Pangnirtung,66.15,-65.71,3.2,65,20,6.33,CA
98,Lavrentiya,65.58,-171.0,31.32,98,100,6.71,RU
99,Bowen,-20.02,148.23,77.0,73,40,9.17,AU
100,Bangad,15.5,121.03,75.2,73,40,2.24,PH
101,Kysyl-Syr,63.9,122.76,-7.26,90,100,4.38,RU
102,Lorengau,-2.02,147.27,82.83,74,100,8.32,PG
103,Ahipara,-35.17,173.17,62.83,56,67,6.82,NZ
104,Kapaa,22.08,-159.32,78.8,69,90,20.8,US
105,Gizo Government Station,-8.1,156.84,83.32,72,60,8.05,SB
106,St. George's,12.06,-61.75,84.2,74,20,17.22,GD
107,Limerick,52.66,-8.62,41.0,93,20,5.82,IE
108,Gobabis,-22.45,18.97,77.0,25,49,2.24,NA
109,Kjøllefjord,70.95,27.35,30.2,86,40,6.93,NO
110,Mahébourg,-20.41,57.7,75.2,78,40,10.29,MU
111,Inhambane,-23.86,35.38,74.97,80,0,11.97,MZ
112,Lagoa,39.05,-27.98,62.13,77,34,11.99,PT
113,Cayenne,4.93,-52.33,80.6,83,100,8.05,GF
114,Sitka,57.05,-135.33,42.8,60,90,6.93,US
115,Saint-Philippe,-21.36,55.77,73.4,73,89,13.87,RE
116,Khani,41.96,42.96,44.6,81,90,9.17,GE
117,Stokmarknes,68.56,14.91,39.2,80,75,10.29,NO
118,Tuktoyaktuk,69.45,-133.04,1.4,84,20,16.11,CA
119,Tabas,33.6,56.92,51.8,81,86,6.93,IR
120,Saldanha,-33.01,17.94,59.0,82,0,6.93,ZA
121,Ostrovnoy,68.05,39.51,35.83,91,100,20.67,RU
122,Bambous Virieux,-20.34,57.76,75.2,78,40,10.29,MU
123,Nago,26.59,127.98,73.4,94,90,5.82,JP
124,Cassilândia,-19.11,-51.73,86.74,27,0,5.82,BR
125,Taoudenni,22.68,-3.98,66.81,27,0,16.8,ML
126,Isangel,-19.55,169.27,76.98,71,4,10.27,VU
127,Nhulunbuy,-12.23,136.77,78.8,78,81,3.36,AU
128,Bathsheba,13.22,-59.52,80.6,74,20,16.11,BB
129,George Town,5.41,100.34,77.0,94,40,2.24,MY
130,Konstantinovka,49.62,127.98,14.58,93,100,9.46,RU
131,Fortuna,40.6,-124.16,54.0,81,40,5.82,US
132,Athabasca,54.72,-113.29,21.2,85,100,9.17,CA
133,Örnsköldsvik,63.29,18.72,37.4,86,62,17.22,SE
134,Ruidoso,33.33,-105.67,43.0,100,90,10.29,US
135,Calatayud,41.35,-1.64,46.4,93,0,0.43,ES
136,Conceição do Araguaia,-8.26,-49.26,73.98,94,100,0.54,BR
137,Castro,-24.79,-50.01,67.21,67,40,5.35,BR
138,Santa Cruz de Tenerife,28.47,-16.25,68.0,55,20,6.93,ES
139,Ambilobe,-13.2,49.05,75.87,76,0,4.25,MG
140,Atar,20.52,-13.05,78.06,19,0,11.43,MR
141,Klaksvík,62.23,-6.59,41.0,80,2,13.87,FO
142,Mahajanga,-15.72,46.32,78.8,88,20,1.12,MG
143,Zhezkazgan,47.8,67.71,18.25,94,100,8.52,KZ
144,Dostpur,26.28,82.47,59.13,33,89,3.83,IN
145,Upernavik,72.79,-56.15,20.57,87,100,4.36,GL
146,Olafsvik,64.89,-23.71,37.42,78,75,5.7,IS
147,Crawfordsville,40.04,-86.87,41.0,93,90,11.41,US
148,Ormara,25.21,64.64,71.22,62,0,7.36,PK
149,Korčula,42.96,17.14,35.6,80,0,1.12,HR
150,Chauk,20.88,94.82,71.04,73,67,6.78,MM
151,Yangambi,0.81,24.43,74.28,81,100,1.36,CD
152,Rovaniemi,66.5,25.72,33.8,100,90,10.29,FI
153,Kaitangata,-46.28,169.85,55.99,63,46,4.0,NZ
154,Aklavik,68.22,-135.01,5.0,84,75,10.29,CA
155,Shizukuishi,39.68,140.98,40.8,82,59,4.47,JP
156,New Norfolk,-42.78,147.06,60.01,76,0,1.01,AU
157,Kloulklubed,7.04,134.26,78.8,88,75,5.26,PW
158,Defiance,41.33,-84.45,35.6,99,90,10.29,US
159,Port Alfred,-33.59,26.89,66.92,84,100,6.8,ZA
160,Djibouti,11.5,42.5,80.6,61,90,3.36,DJ
161,Grand Gaube,-20.01,57.66,73.99,79,1,5.01,MU
162,Bad Hofgastein,47.17,13.1,34.0,75,77,1.25,AT
163,Toucheng,24.86,121.82,71.01,100,75,11.41,TW
164,Salamanca,40.83,-6.0,48.0,84,0,0.4,ES
165,Tual,-5.67,132.75,83.91,72,99,7.56,ID
166,Bartlesville,36.75,-95.98,52.0,66,90,5.82,US
167,Tomatlán,19.93,-105.25,87.89,52,0,7.52,MX
168,Mogadishu,2.04,45.34,79.84,76,100,10.02,SO
169,Juegang,32.32,121.19,46.0,77,100,13.02,CN
170,San Cristobal,7.77,-72.22,86.0,66,40,9.17,VE
171,Ponta Delgada,37.73,-25.67,62.6,82,40,9.17,PT
172,Batemans Bay,-35.72,150.18,66.99,95,100,3.0,AU
173,Marzuq,14.4,46.47,64.02,34,32,2.19,YE
174,Port Blair,11.67,92.75,80.8,82,95,6.98,IN
175,Salzwedel,52.85,11.15,43.0,84,91,8.41,DE
176,Kumul,42.8,93.45,18.46,66,100,2.15,CN
177,Sisimiut,66.94,-53.67,22.91,94,100,12.06,GL
178,Petropavlovsk-Kamchatskiy,53.05,158.65,23.0,100,75,2.24,RU
179,Coquimbo,-29.95,-71.34,60.8,72,40,11.41,CL
180,Camabatela,-8.19,15.38,65.3,100,100,2.77,AO
181,Dicabisagan,17.08,122.42,77.79,79,34,11.68,PH
182,Qaqortoq,60.72,-46.03,23.0,67,100,3.36,GL
183,Korla,41.76,86.15,16.75,82,12,2.68,CN
184,Bredasdorp,-34.53,20.04,62.6,82,41,3.36,ZA
185,Areosa,41.72,-8.86,55.0,87,0,3.94,PT
186,Avarua,-21.21,-159.78,80.6,69,100,10.29,CK
187,Jimma,7.67,36.83,60.13,63,45,1.86,ET
188,Sucha Beskidzka,49.74,19.59,41.0,44,75,8.05,PL
189,Araguaçu,-12.93,-49.83,80.4,77,96,6.98,BR
190,Paso de Carrasco,-34.86,-56.05,73.4,53,0,14.99,UY
191,Kindu,-2.95,25.95,73.54,77,100,1.99,CD
192,Yellowknife,62.46,-114.35,3.2,84,90,12.75,CA
193,Ubari,26.59,12.78,63.12,30,7,13.44,LY
194,Lompoc,34.64,-120.46,64.0,63,1,16.11,US
195,Acapulco de Juárez,16.86,-99.89,86.0,70,5,6.93,MX
196,Bilibino,68.05,166.44,2.03,91,100,0.85,RU
197,Riyadh,24.69,46.72,64.4,42,0,6.93,SA
198,Lavumisa,-27.31,31.89,71.71,88,100,3.33,SZ
199,Richards Bay,-28.78,32.04,70.25,90,87,6.04,ZA
200,Cidreira,-30.18,-50.21,67.53,66,1,11.16,BR
201,Cuité,-6.48,-36.15,75.2,62,0,15.82,BR
202,Shimoda,34.67,138.95,57.99,74,42,1.99,JP
203,Mana,5.66,-53.78,77.77,89,100,12.17,GF
204,Tessalit,20.2,1.01,68.54,25,56,12.17,ML
205,Hambantota,6.12,81.12,75.2,100,20,1.12,LK
206,Palmer,42.16,-72.33,43.0,80,90,5.82,US
207,Turukhansk,65.82,87.98,12.4,97,99,8.37,RU
208,Taltal,-25.4,-70.48,67.82,56,100,8.66,CL
209,Broome,42.25,-75.83,41.0,82,90,11.41,US
210,Ségou,13.43,-6.22,79.02,17,64,7.18,ML
211,Kuril'sk,45.23,147.88,30.52,89,100,13.31,RU
212,Murray Bridge,-35.12,139.27,57.0,98,99,3.0,AU
213,Chesterfield,37.38,-77.6,64.99,43,100,4.0,US
214,Rongcheng,30.63,117.85,45.75,84,100,8.14,CN
215,Codrington,-38.27,141.97,57.67,90,99,12.39,AU
216,Gussago,45.58,10.16,39.0,93,20,3.36,IT
217,Denpasar,-8.65,115.22,78.8,88,20,2.24,ID
218,Anloga,5.79,0.9,84.2,79,20,10.29,GH
219,Oddur,4.12,43.89,74.23,72,97,10.8,SO
220,Provideniya,64.38,-173.3,32.0,97,90,3.71,RU
221,Fremont,37.55,-121.99,64.0,71,5,11.41,US
222,Rosetown,51.55,-108.0,6.8,84,87,6.93,CA
223,Nishihara,26.18,127.76,75.2,94,40,4.7,JP
224,Dikson,73.51,80.55,14.45,96,0,14.03,RU
225,Cockburn Town,21.46,-71.14,80.6,78,75,5.82,TC
226,Opuwo,-18.06,13.84,76.44,28,30,6.15,NA
227,Luwuk,-0.95,122.79,79.48,73,99,1.79,ID
228,Emerald,-23.53,148.17,73.4,69,0,8.05,AU
229,Santa Maria,-29.68,-53.81,84.2,35,0,12.75,BR
230,Lahad Datu,5.03,118.33,75.7,92,47,4.7,MY
231,Ziro,27.63,93.83,35.08,100,20,2.37,IN
232,Chapleau,47.84,-83.4,33.8,69,90,11.41,CA
233,Ancud,-41.87,-73.82,59.0,54,40,11.41,CL
234,Wattegama,6.8,81.48,75.2,100,20,1.12,LK
235,Salalah,17.02,54.09,80.6,78,0,2.24,OM
236,Clarence Town,-32.58,151.78,75.2,73,0,4.29,AU
237,Villazón,-22.09,-65.59,59.94,43,50,23.64,BO
238,Prieska,-29.66,22.75,74.62,22,27,16.4,ZA
239,College,64.86,-147.8,12.99,77,75,2.21,US
240,Jieshi,22.81,115.83,75.0,86,97,21.05,CN
241,Balkanabat,39.51,54.37,39.63,60,49,8.79,TM
242,Halifax,44.65,-63.57,35.01,64,0,5.82,CA
243,Liuzhou,24.31,109.39,55.24,67,91,8.77,CN
244,Ouadda,8.08,22.4,73.42,32,99,5.14,CF
245,Vestmannaeyjar,63.44,-20.27,38.12,77,52,5.97,IS
246,Quatre Cocos,-20.21,57.76,75.2,78,40,10.29,MU
247,Bilma,18.69,12.92,63.45,30,0,2.53,NE
248,Stege,54.99,12.28,46.99,86,16,5.99,DK
249,Mikun',62.35,50.08,21.74,95,100,12.28,RU
250,Srednekolymsk,67.45,153.68,2.41,94,100,9.15,RU
251,Reserva,-24.65,-50.85,66.99,71,55,3.91,BR
252,Omboué,-1.57,9.26,76.17,93,100,6.89,GA
253,Narsaq,60.92,-46.05,23.0,67,100,3.36,GL
254,Margate,51.38,1.39,48.0,74,45,1.01,GB
255,Maţāy,28.42,30.78,59.67,60,22,8.34,EG
256,Muskogee,35.58,-95.33,53.01,71,75,11.41,US
257,Wāliṅ,27.98,83.77,51.87,74,0,3.38,NP
258,Yura,-16.25,-71.68,68.0,20,0,11.41,PE
259,Buala,-8.14,159.59,82.38,74,23,2.51,SB
260,Beringovskiy,63.05,179.32,26.82,98,99,2.53,RU
261,Shanhecun,44.7,127.2,10.18,92,0,14.32,CN
262,Necochea,-38.55,-58.74,73.99,56,90,8.23,AR
263,Iqaluit,63.75,-68.51,21.2,67,75,6.93,CA
264,Half Moon Bay,37.46,-122.43,62.01,76,1,17.22,US
265,Okhotsk,59.38,143.3,0.5,88,88,16.35,RU
266,San Andrés,12.58,-81.7,80.6,88,40,3.36,CO
267,Ishigaki,24.34,124.16,75.2,94,75,19.46,JP
268,Nchelenge,-9.35,28.73,72.48,78,92,3.0,ZM
269,Thompson,55.74,-97.86,-0.4,77,90,6.93,CA
270,Kâhta,37.79,38.62,44.6,53,0,6.93,TR
271,Tokur,53.13,132.9,-4.07,92,100,3.58,RU
272,Mazagão,-0.12,-51.29,77.0,100,75,4.7,BR
273,Saint Paul Harbor,57.79,-152.41,28.4,79,20,4.7,US
274,Port Macquarie,-31.43,152.92,73.99,78,75,3.36,AU
275,Petatlán,17.52,-101.27,87.8,66,5,5.46,MX
276,Porosozero,62.72,32.73,36.61,94,100,8.88,RU
277,Ithaca,42.44,-76.5,42.01,80,90,19.46,US
278,Charters Towers,-20.1,146.27,71.38,81,39,4.23,AU
279,Talnakh,69.49,88.4,10.4,85,40,6.71,RU
280,Westport,41.14,-73.36,51.01,66,90,6.93,US
281,Zhaotong,27.32,103.72,39.88,81,97,4.43,CN
282,Aykhal,66.0,111.5,8.6,92,75,6.71,RU
283,Uvalde,29.37,-99.77,77.0,57,90,5.82,US
284,Jinchang,38.5,102.17,15.64,91,100,3.15,CN
285,Igarka,67.47,86.58,9.18,95,92,4.63,RU
286,Kajaani,64.23,27.73,33.8,100,75,10.29,FI
287,Rengo,-34.42,-70.87,84.2,30,0,11.32,CL
288,Loreto,22.27,-101.97,72.82,22,0,11.72,MX
289,Haapiti,-17.57,-149.87,86.0,66,40,12.75,PF
290,Løjt Kirkeby,55.08,9.47,44.01,81,40,8.05,DK
291,Makkah al Mukarramah,21.43,39.83,73.72,70,0,4.52,SA
292,Chicama,-7.84,-79.15,66.2,72,2,13.87,PE
293,Vera Cruz,-12.63,-41.03,74.23,80,34,5.1,BR
294,Faanui,-16.48,-151.75,80.76,74,98,9.31,PF
295,Laguna,38.42,-121.42,64.0,41,1,3.71,US
296,Cabo San Lucas,22.89,-109.91,87.01,48,5,6.93,MX
297,Hofn,64.25,-15.21,31.84,98,100,8.99,IS
298,Broken Hill,-31.95,141.43,71.6,78,100,16.11,AU
299,Ḩasanābād,36.55,61.05,26.6,100,10,2.24,IR
300,Airai,-8.93,125.41,61.66,100,96,1.95,TL
301,Pochutla,15.74,-96.47,88.0,58,5,6.38,MX
302,Lüderitz,-26.65,15.16,59.0,87,0,10.29,NA
303,Seymchan,62.88,152.43,0.0,91,100,3.85,RU
304,Hobyo,5.35,48.53,79.77,80,100,19.46,SO
305,Deniliquin,-35.53,144.97,66.99,91,100,8.46,AU
306,Alofi,-19.06,-169.92,78.8,94,90,5.82,NU
307,Souillac,-20.52,57.52,75.2,78,40,10.29,MU
308,Hong Kong,22.29,114.16,73.99,85,43,1.01,HK
309,Yerbogachën,61.28,108.01,19.22,97,100,10.33,RU
310,Bonthe,7.53,-12.51,79.72,79,42,5.53,SL
311,Santa Barbara,34.73,-120.03,73.0,33,1,9.17,US
312,Bahía Solano,6.23,-77.4,79.45,81,74,6.49,CO
313,Nome,64.5,-165.41,27.0,92,90,14.99,US
314,Bubaque,11.28,-15.83,83.01,76,90,12.71,GW
315,Catia La Mar,10.6,-67.03,75.99,73,53,12.75,VE
316,Rio Grande,-32.03,-52.1,73.4,53,0,13.87,BR
317,Havre-St-Pierre,50.23,-63.6,23.0,62,90,8.05,CA
318,Kemijärvi,66.71,27.43,33.37,94,100,10.27,FI
319,Atambua,-9.11,124.89,75.51,85,98,3.53,ID
320,Kimbe,-5.55,150.14,78.78,80,30,3.09,PG
321,Campo Verde,-20.42,-54.07,87.8,31,0,5.82,BR
322,Matara,5.95,80.54,75.36,91,100,5.91,LK
323,Cantaura,9.31,-64.36,79.65,78,100,9.24,VE
324,Rocha,-34.48,-54.33,68.74,64,0,11.1,UY
325,Tamandaré,-8.76,-35.1,78.17,75,13,9.06,BR
326,Changji,44.02,87.32,15.8,72,0,2.24,CN
327,Torata,-17.08,-70.84,64.78,38,29,8.55,PE
328,Suez,29.97,32.53,63.27,75,56,5.57,EG
329,Huarmey,-10.07,-78.15,69.93,66,3,9.98,PE
330,Nanning,22.82,108.32,66.2,72,75,11.18,CN
331,Teseney,15.11,36.66,70.03,85,0,12.06,ER
332,Haines Junction,60.75,-137.51,-0.4,64,100,3.36,CA
333,Zhuanghe,39.7,122.99,27.97,79,0,9.31,CN
334,Vanino,49.09,140.25,11.68,80,0,6.87,RU
335,Urcos,-13.69,-71.62,69.8,14,20,13.87,PE
336,Cap Malheureux,-19.98,57.61,73.99,79,0,4.0,MU
337,Shaunavon,49.65,-108.42,23.0,73,9,4.7,CA
338,Scottsbluff,41.87,-103.67,48.2,19,1,11.41,US
339,Udachny,66.42,112.4,8.6,92,75,6.71,RU
340,Sørland,67.67,12.69,39.2,85,75,2.24,NO
341,West Plains,36.73,-91.85,46.4,75,90,6.93,US
342,Wanning,18.8,110.4,75.42,90,24,6.35,CN
343,Yichang,30.71,111.28,41.0,82,97,1.92,CN
344,Kroonstad,-27.65,27.23,69.01,82,100,3.0,ZA
345,Touros,-5.2,-35.46,80.6,74,20,8.05,BR
346,Moranbah,-22.0,148.05,71.62,75,0,10.87,AU
347,General Roca,-39.03,-67.58,64.4,59,0,3.36,AR
348,Portland,45.52,-122.68,45.0,75,75,8.05,US
349,Ajdabiya,30.76,20.23,66.52,45,100,16.46,LY
350,Dossor,47.53,52.98,26.85,78,97,11.65,KZ
351,Rāwah,34.48,41.91,57.07,48,18,8.9,IQ
352,Bairiki Village,1.33,172.98,84.2,66,20,9.17,KI
353,Kisangani,0.52,25.2,73.78,82,100,1.23,CD
354,Seryshevo,51.09,128.38,10.4,96,100,3.24,RU
355,Kodinsk,58.69,99.18,18.27,96,100,6.11,RU
356,Inta,66.03,60.17,16.72,92,96,9.95,RU
357,Mahanje,-9.93,35.33,68.32,81,1,3.56,TZ
358,Te Anau,-45.42,167.72,50.0,57,99,0.69,NZ
359,Nueva Loja,0.08,-76.88,78.8,88,75,1.12,EC
360,Nemuro,43.32,145.57,34.88,96,100,19.24,JP
361,Tiksi,71.69,128.87,-4.72,90,86,5.66,RU
362,Skibbereen,51.55,-9.27,39.2,86,20,4.7,IE
363,Oktyabr'skiy,54.48,53.47,20.79,90,100,8.77,RU
364,Baghdad,33.34,44.4,57.2,67,0,6.93,IQ
365,Flinders,-34.58,150.86,71.01,93,100,1.99,AU
366,Kautokeino,69.01,23.04,24.28,97,85,1.88,NO
367,Arlit,18.74,7.39,73.49,19,0,7.09,NE
368,Zárate,-34.1,-59.03,86.0,52,0,8.01,AR
369,Rawson,-43.3,-65.1,77.49,20,0,14.74,AR
370,Bandarbeyla,9.49,50.81,79.88,68,100,13.2,SO
371,Mayo,38.89,-76.51,57.2,87,90,4.7,US
372,Salgado,-11.03,-37.48,80.6,74,20,11.41,BR
373,Vanavara,60.34,102.28,18.12,97,100,8.79,RU
374,Golyshmanovo,56.4,68.37,13.37,93,1,5.39,RU
375,Saint-Joseph,-21.37,55.62,73.4,73,56,13.87,RE
376,Yarim,14.3,44.38,48.06,50,7,4.38,YE
377,Samarai,-10.62,150.67,80.76,81,100,11.5,PG
378,Husavik,66.04,-17.34,21.2,85,0,3.36,IS
379,Anamalais,10.58,76.93,68.0,77,40,3.98,IN
380,Antalaha,-14.9,50.28,72.64,88,12,5.64,MG
381,Kenitra,34.26,-6.58,48.2,93,0,5.82,MA
382,Dorāha,30.82,76.02,58.44,35,65,5.41,IN
383,Sechura,-5.56,-80.82,76.1,53,10,18.48,PE
384,Hokitika,-42.72,170.97,56.61,71,100,8.03,NZ
385,Mossamedes,-15.2,12.15,68.95,74,15,8.08,AO
386,Karwar,14.8,74.13,76.77,59,90,4.0,IN
387,Dodoma,-6.17,35.74,75.2,69,40,5.82,TZ
388,Aksu,41.12,80.26,24.66,69,99,3.62,CN
389,Tarata,-17.62,-66.02,80.6,21,20,9.17,BO
390,Bījār,35.87,47.61,39.6,73,79,2.55,IR
391,Gushikawa,26.35,127.87,71.6,88,90,4.7,JP
392,Karratha,-20.74,116.85,74.73,88,3,2.64,AU
393,Mutsu,41.29,141.22,39.2,86,75,2.24,JP
394,Letlhakane,-21.42,25.58,76.75,61,21,5.3,BW
395,Gallup,35.53,-108.74,62.6,27,1,11.41,US
396,Rundu,-17.93,19.77,73.09,68,55,3.22,NA
397,Krasnosel'kup,65.7,82.47,5.63,95,52,8.23,RU
398,Sept-Îles,50.2,-66.38,24.01,62,0,5.82,CA
399,Viedma,-40.81,-63.0,78.01,31,91,3.0,AR
400,Maumere,-8.62,122.21,81.41,75,97,4.5,ID
401,Mēga,4.05,38.3,62.26,71,1,9.01,ET
402,Fortuna Foothills,32.66,-114.41,82.4,12,1,10.29,US
403,Chokurdakh,70.63,147.92,0.18,94,100,7.05,RU
404,Huanan,46.22,130.52,5.25,92,0,5.5,CN
405,Pamanukan,-6.28,107.81,80.1,76,100,4.85,ID
406,Montivilliers,49.55,0.19,51.8,87,90,8.05,FR
407,Manzanillo,20.34,-77.12,82.51,73,99,2.98,CU
408,Tooele,40.53,-112.3,42.01,69,1,3.36,US
409,Avera,33.19,-82.53,71.6,56,40,4.7,US
410,Vao,-22.67,167.48,72.07,79,28,19.39,NC
411,Belyy Yar,53.6,91.39,28.4,86,93,2.24,RU
412,Port Augusta,-32.5,137.77,62.6,88,90,17.22,AU
413,Kayes,14.0,-11.0,80.6,32,0,4.7,ML
414,Komatipoort,-25.43,31.95,72.0,93,95,3.58,ZA
415,Darhan,49.49,105.92,13.86,89,0,5.59,MN
416,Drovyanaya,51.58,113.03,26.6,68,20,6.71,RU
417,Laurel,39.1,-76.85,55.4,76,90,5.66,US
418,Najrān,17.49,44.13,60.8,38,0,2.66,SA
419,Nibbar,36.29,8.77,55.4,87,40,9.04,TN
420,Bagru,26.81,75.54,57.2,50,22,2.93,IN
421,Wilmington,34.23,-77.94,69.8,64,90,8.05,US
422,Faya,18.39,42.45,57.2,17,0,3.36,SA
423,Vostok,46.49,135.88,-1.77,94,11,5.61,RU
424,Santa Lucía,27.91,-15.54,75.0,60,0,3.36,ES
425,Boyolangu,-8.12,111.89,76.66,84,100,0.98,ID
426,Mahibadhoo,3.78,72.97,82.11,72,75,7.14,MV
427,Ribeirão Bonito,-22.07,-48.18,76.03,57,7,6.69,BR
428,Santoña,43.44,-3.46,52.0,100,0,3.56,ES
429,Oktyabr'skoye,43.06,44.74,33.8,100,55,2.24,RU
430,Canindé,-4.36,-39.31,85.39,48,62,10.51,BR
431,Valdivia,-39.81,-73.25,57.2,71,20,9.17,CL
432,Standerton,-26.93,29.24,61.0,99,50,1.01,ZA
433,Burkburnett,34.1,-98.57,48.2,81,90,17.22,US
434,Saint Anthony,45.02,-93.22,39.99,69,90,12.75,US
435,São Filipe,14.9,-24.5,77.88,71,1,7.2,CV
436,Svetlaya,46.54,138.33,14.56,85,0,5.46,RU
437,Butterworth,5.4,100.36,77.0,94,40,2.24,MY
438,Clyde River,70.47,-68.59,5.0,92,90,31.09,CA
439,Tigil',57.8,158.67,12.29,93,16,5.3,RU
440,Lubao,14.92,120.55,77.0,73,40,2.24,PH
441,Napier City,-39.48,176.92,57.0,55,11,8.01,NZ
442,Harper,4.38,-7.72,78.04,87,96,6.2,LR
443,Taveta,-3.4,37.67,73.4,73,20,5.82,KE
444,Killybegs,54.63,-8.45,43.0,94,7,8.01,IE
445,Lufilufi,-13.87,-171.6,78.8,83,90,12.75,WS
446,Bom Jardim,-7.8,-35.59,82.4,54,20,17.22,BR
447,Pisco,-13.7,-76.22,68.0,72,0,11.41,PE
448,Verkhnetulomskiy,68.61,31.8,30.2,100,75,4.47,RU
449,Camacha,33.08,-16.33,64.4,77,20,4.7,PT
450,Alice Springs,-23.7,133.88,82.4,32,20,10.29,AU
451,Sola,-13.88,167.55,75.2,94,90,4.7,VU
452,Baruun-Urt,46.68,113.28,7.63,92,0,11.27,MN
453,Ulagan,50.63,87.96,15.35,83,11,1.83,RU
454,Barhi,23.9,80.8,53.15,44,0,2.26,IN
455,Quthing,-30.4,27.7,61.3,79,67,4.47,LS
456,Monrovia,6.3,-10.8,77.0,94,40,4.16,LR
457,Province of Groningen,53.25,6.75,43.0,100,92,8.05,NL
458,Gouré,13.98,10.27,78.01,23,0,4.0,NE
459,Ust-Kuyga,70.02,135.6,-19.97,84,0,5.41,RU
460,Tefé,-3.35,-64.71,84.2,83,20,3.36,BR
461,Hualmay,-11.1,-77.61,68.99,66,6,8.68,PE
462,Erenhot,43.65,111.98,9.59,91,0,11.99,CN
463,Praia,14.92,-23.51,78.8,74,0,8.05,CV
464,Khasan,42.43,130.64,25.74,81,0,18.07,RU
465,‘Āhuimanu,21.44,-157.84,82.4,61,90,13.87,US
466,Comodoro Rivadavia,-45.87,-67.5,73.4,23,0,23.04,AR
467,Goderich,43.75,-81.72,35.01,88,100,13.04,CA
468,Madanapalle,13.55,78.5,63.82,78,68,1.86,IN
469,Itupiranga,-5.13,-49.33,75.2,100,90,1.12,BR
470,Brasiléia,-11.02,-68.75,96.39,35,37,2.91,BR
471,Wamba,8.93,8.6,78.62,38,100,3.42,NG
472,Parker,32.77,-97.8,57.0,78,77,11.99,US
473,Sayyan,15.17,44.32,47.5,53,40,2.26,YE
474,Hailar,49.2,119.7,12.6,94,22,13.87,CN
475,Sambava,-14.27,50.17,75.11,84,26,8.08,MG
476,Abhā,18.22,42.51,57.2,17,0,3.36,SA
477,Yar-Sale,66.83,70.83,15.78,96,100,11.9,RU
478,Namatanai,-3.67,152.43,80.51,67,19,5.79,PG
479,Paamiut,61.99,-49.67,28.42,97,100,26.69,GL
480,Isiro,2.77,27.62,67.86,85,69,1.99,CD
481,Hīrna,9.22,41.1,56.01,49,70,2.93,ET
482,Kruisfontein,-34.0,24.73,61.0,94,100,1.01,ZA
483,Itoman,26.12,127.67,75.2,78,75,8.05,JP
484,Jericho,31.87,35.45,55.99,91,0,3.74,PS
485,Havelock,34.88,-76.9,69.01,77,75,8.05,US
486,Bayir,37.27,28.22,50.0,71,0,2.98,TR
487,San Patricio,28.02,-97.52,78.8,57,75,13.87,US
488,Kahului,20.89,-156.47,80.6,69,40,20.8,US
489,Cairns,-16.92,145.77,78.8,65,42,10.29,AU
490,Uramita,6.9,-76.17,75.78,77,82,2.39,CO
491,Domna,51.9,113.16,26.6,68,20,6.71,RU
492,Wajima,37.4,136.9,52.66,69,100,19.39,JP
493,Tupik,54.43,119.93,4.26,89,1,2.89,RU
494,San,13.3,-4.9,78.19,17,77,7.16,ML
495,Dunedin,-45.87,170.5,54.0,62,54,8.01,NZ
496,Lubango,-14.92,13.49,63.57,57,98,1.63,AO
497,Makakilo City,21.35,-158.09,84.2,51,20,8.05,US
498,Kenora,49.82,-94.43,19.4,79,90,10.29,CA
499,Huron,41.15,-82.55,37.99,92,100,5.55,US
500,Tiznit Province,29.58,-9.5,63.18,43,0,2.26,MA
501,Benguela,-12.58,13.41,76.3,76,100,6.42,AO
502,Evanston,42.04,-87.69,46.99,61,75,5.82,US
503,Susurluk,39.91,28.16,46.0,81,0,4.7,TR
504,Storforshei,66.4,14.52,36.0,79,75,1.12,NO
505,Mildura,-34.2,142.15,69.01,77,78,12.75,AU
506,Pailón,-17.65,-62.75,96.8,39,20,5.82,BO
507,Hammerfest,70.66,23.68,30.2,100,75,4.7,NO
508,Roald,62.58,6.13,41.0,80,75,14.99,NO
509,Concepción,-36.83,-73.05,69.8,52,0,14.99,CL
510,Fayaoué,-20.65,166.53,75.83,74,12,14.05,NC
511,Puerto Tejada,3.23,-76.42,86.0,51,40,11.41,CO
512,Holme,56.11,10.17,44.6,87,99,10.29,DK
513,Saint-François,46.42,3.91,34.0,92,0,2.24,FR
514,Moorhead,46.87,-96.77,32.0,68,75,19.46,US
515,Kaseda-shirakame,31.42,130.32,55.4,87,75,14.99,JP
516,Kharp,66.8,65.81,11.93,95,100,4.63,RU
517,Shingū,33.73,135.98,57.34,86,6,6.26,JP
518,Victor Harbor,-35.57,138.62,61.0,79,71,5.01,AU
519,Lariano,41.72,12.82,48.0,74,0,1.99,IT
520,Marabu,4.41,114.01,77.0,100,40,3.36,MY
521,Raja,8.46,25.68,75.27,25,0,5.06,SS
522,Iporá,-16.44,-51.12,84.36,49,5,1.72,BR
523,Ranong,9.97,98.63,76.73,85,27,3.04,TH
524,Dingle,11.0,122.67,75.27,90,71,9.15,PH
525,Mergen,49.18,125.22,12.72,93,73,9.26,CN
526,Siuna,13.73,-84.78,81.03,87,90,3.36,NI
527,Henties Bay,-22.12,14.28,60.01,87,0,1.99,NA
528,Bukama,-9.2,25.85,72.66,91,71,0.63,CD
529,Waipawa,-41.41,175.52,55.99,66,71,14.99,NZ
530,Gilbués,-9.83,-45.34,75.79,86,100,4.72,BR
531,Misratah,32.38,15.09,66.94,71,33,12.3,LY
532,Kuandian,40.73,124.78,20.98,79,0,3.74,CN
533,Yibin,28.77,104.62,47.3,70,100,6.51,CN
534,Chernyshevsk,52.52,117.02,9.37,90,12,1.72,RU
535,Praia,14.92,-23.51,78.8,74,0,8.05,CV
536,Katobu,-4.94,122.53,74.43,93,85,0.07,ID
537,Wheatley,51.75,-1.14,37.99,93,24,1.12,GB
538,Labuhan,-6.88,112.21,79.3,81,100,5.99,ID
539,Pueblo Nuevo,23.38,-105.38,78.64,26,0,4.85,MX
540,Zharkent,44.16,80.0,20.26,95,77,1.77,KZ
541,Ilebo,-4.32,20.58,73.99,82,57,1.39,CD
542,Ardakān,32.31,54.02,46.4,87,75,4.7,IR
543,Sajanan,37.06,9.24,57.2,93,40,8.05,TN
544,Garden City,42.33,-83.33,36.0,94,90,8.05,US
545,Boundiali,9.52,-6.49,75.51,35,81,0.63,CI
546,Dudinka,69.41,86.18,10.4,85,40,6.71,RU
547,Mateare,12.24,-86.43,89.6,62,20,6.93,NI
548,Sugod,12.99,124.08,80.19,82,75,18.81,PH
549,Arroyo de la Encomienda,41.61,-4.8,39.2,86,0,2.55,ES
550,Palu,-0.89,119.87,76.1,81,100,2.17,ID
551,Poum,-20.23,164.02,75.81,70,0,9.84,NC
552,Les Cayes,18.2,-73.75,80.4,79,78,5.77,HT
553,Boa Vista,2.82,-60.67,86.0,58,75,5.82,BR
554,Novo Aripuanã,-5.12,-60.38,85.28,76,65,1.39,BR
555,Oriximiná,-1.77,-55.87,80.35,74,98,3.38,BR
556,Evensk,61.95,159.23,4.5,92,100,8.84,RU
557,Ghotki,28.01,69.32,59.0,72,0,8.23,PK
558,Mandan,46.83,-100.89,39.2,59,1,6.93,US
559,Tautira,-17.73,-149.15,86.0,66,40,12.75,PF
560,Colquechaca,-18.67,-66.02,42.24,80,100,10.27,BO
561,Abu Dhabi,24.47,54.37,75.2,50,0,2.24,AE
562,Vänersborg,58.38,12.32,46.99,65,54,14.99,SE
563,Bakel,14.9,-12.46,84.18,14,10,8.79,SN
564,Vilhena,-12.74,-60.15,89.6,49,0,8.05,BR
